{
  "blacklist": "",
  "emojis": {
    "\uE000":["@skye", "@skyrina"],
    "\uE001":["@ame", "@lumelia"],
    "\uE002":["@chloe", "@chloespacedout"],
    "\uE003":["@kate", "@lexize"],
    "\uE004":["@gloomsys"],
    "\uE005":["@deni", "@slime_deni", "@purpledeni"],
    "\uE006":["@paladin", "@unlikepaladin"],
    "\u0000":[],

    "\uE008":["@electric", "@ohitselectric"],
    "\uE009":["@jimmy","@jimmyhellp"],
    "\uE00A":["@forseir"],
    "\uE00B":["@kye", "@cookie", "@kylie"],
    "\uE00C":["@4p5"],
    "\uE00D":["@4p5_hair"],
    "\u0000":[],
    "\u0000":[],


    "\uE010":["@jonkkusa"],
    "\uE011":["@april","@kenopsia"],
    "\uE012":["@slyme"],
    "\u0000":[],
    "\u0000":[],
    "\u0000":[],
    "\u0000":[],
    "\u0000":[],

    "\uE018":["@gn","@gnamimates"],
    "\uE019":["@scarlet","@scarletlight"],
    "\uE01A":["@toast"],
    "\uE01B":["@katt", "@kitkat"],
    "\uE01C":["@auria"],
    "\uE01D":["@fox","@bit","@bitslayn"],
    "\uE01E":["@dogeiscut", "@doge", "@cut"],
    "\u0000":[],

    "\uE020":["@tsuki", "@zqukiiruhkih", "@zqukiiruh'kih"],
    "\uE021":["@tsuki_ramen"],
    "\uE022":["@josh", "@joshakabane"],
    "\uE023":["@josh_naga", "@joshakabane_naga"],
    "\uE024":["@josh_galactus", "@galactus_prime"],
    "\uE025":["@maven"],
    "\uE026":["@maven_logo"],
    "\uE027":["@komodo","@komodo_dgn"],

    "\uE028":["@cone","@mxduck"],
    "\uE029":["@crimson", "@kelvin"],
    "\uE02A":["@cosmic","@cosmiccalamitty","@rio1u"],
    "\uE02B":["@palck"],
    "\uE02C":["@perry","@aster"],
    "\uE02D":["@jepril"],
    "\uE02E":["@subcon", "@soup", "@soupie"],
    "\uE02F":["@vicky","@davinky"],

    "\uE030":["@hatsune_miku"],
    "\uE031":["@yahiamice", "@yahamouse"],
    "\uE032":["@yahiamice_logo", "@yahamouse_logo"],
    "\u0000":[],
    "\u0000":[],
    "\u0000":[],
    "\u0000":[],
    "\u0000":[]
  }
}
